Task,Phase,Status,Priority,Due,Last Edited
Integrate Stripe,Monetization Integration,Not Started,High,2025-08-04,2025-07-21T07:29:00.000Z
Write ToS and platform rules,Launch Prep,Not Started,Medium,2025-08-14,2025-07-21T07:30:00.000Z
Enable earned verification badge,Growth & Trust Features,Not Started,Medium,2025-08-11,2025-07-21T07:30:00.000Z
Set up Pro tier features,Monetization Integration,Not Started,Medium,2025-08-06,2025-07-21T07:29:00.000Z
Define database schema,Planning & Setup,Complete,High,2025-07-22,2025-07-22T09:33:00.000Z
Build job acceptance and delivery workflow,MVP Core Build,Not Started,High,2025-07-30,2025-07-21T07:28:00.000Z
Create pre-launch landing page,Launch Prep,Not Started,Medium,2025-08-15,2025-07-21T07:30:00.000Z
Create user stories and workflow diagrams,Planning & Setup,Complete,High,2025-07-23,2025-07-23T08:15:00.000Z
Seed user outreach,Launch Prep,Not Started,High,2025-08-17,2025-07-21T07:30:00.000Z
Build user sign-up and profile setup,MVP Core Build,Complete,High,2025-07-24,2025-07-23T08:11:00.000Z
Implement job posting and request system,MVP Core Build,Not Started,High,2025-07-28,2025-07-21T07:28:00.000Z
Create admin panel,Monetization Integration,Not Started,Medium,2025-08-07,2025-07-21T07:29:00.000Z
Design review and feedback system,MVP Core Build,Not Started,Medium,2025-08-01,2025-07-21T07:28:00.000Z
Polish UI/UX,Launch Prep,Not Started,High,2025-08-13,2025-07-21T07:30:00.000Z
Create credit ledger system,MVP Core Build,Not Started,High,2025-07-26,2025-08-01T05:01:00.000Z
Create onboarding mission rewards,Growth & Trust Features,Not Started,Medium,2025-08-10,2025-07-21T07:30:00.000Z
Build dashboard UI for users,MVP Core Build,Not Started,Medium,2025-08-02,2025-07-21T07:23:00.000Z
Build referral system,Growth & Trust Features,Not Started,Medium,2025-08-09,2025-07-21T07:29:00.000Z
Install required Bubble plugins,Planning & Setup,Complete,Medium,2025-07-22,2025-07-22T14:24:00.000Z
